{
  "project_info": {
    "project_number": "297438183094",
    "project_id": "amm-app-10be8",
    "storage_bucket": "amm-app-10be8.appspot.com"
  },
  "client": [
    {
      "client_info": {
        "mobilesdk_app_id": "1:297438183094:android:68083a516773da1f077017",
        "android_client_info": {
          "package_name": "com.myammapp.android"
        }
      },
      "oauth_client": [
        {
          "client_id": "297438183094-s3lqum27nph53piv98r35ek3olea72m2.apps.googleusercontent.com",
          "client_type": 3
        }
      ],
      "api_key": [
        {
          "current_key": "AIzaSyBr_rs3LgmpAO500DCTIc8lD0rYZLNOCzc"
        }
      ],
      "services": {
        "appinvite_service": {
          "other_platform_oauth_client": [
            {
              "client_id": "297438183094-s3lqum27nph53piv98r35ek3olea72m2.apps.googleusercontent.com",
              "client_type": 3
            }
          ]
        }
      }
    }
  ],
  "configuration_version": "1"
}